<?xml version="1.0" encoding="UTF-8"?>
<export version="E">
  <design>
    <source>C:\Users\shais\Desktop\Tu novio te ama\Proyectos\Mano robotica\2.0\kicadmano 2.0\esquematico\esquematico.kicad_sch</source>
    <date>23/5/2022 16:07:31</date>
    <tool>Eeschema (6.0.0)</tool>
    <sheet number="1" name="/" tstamps="/">
      <title_block>
        <title/>
        <company/>
        <rev/>
        <date/>
        <source>esquematico.kicad_sch</source>
        <comment number="1" value=""/>
        <comment number="2" value=""/>
        <comment number="3" value=""/>
        <comment number="4" value=""/>
        <comment number="5" value=""/>
        <comment number="6" value=""/>
        <comment number="7" value=""/>
        <comment number="8" value=""/>
        <comment number="9" value=""/>
      </title_block>
    </sheet>
  </design>
  <components>
    <comp ref="A1">
      <value>Arduino_Nano_v3.x</value>
      <footprint>Module:Arduino_Nano</footprint>
      <datasheet>http://www.mouser.com/pdfdocs/Gravitech_Arduino_Nano3_0.pdf</datasheet>
      <libsource lib="MCU_Module" part="Arduino_Nano_v3.x" description="Arduino Nano v3.x"/>
      <property name="Sheetname" value=""/>
      <property name="Sheetfile" value="esquematico.kicad_sch"/>
      <sheetpath names="/" tstamps="/"/>
      <tstamps>00000000-0000-0000-0000-0000615756ef</tstamps>
    </comp>
    <comp ref="A2">
      <value>Arduino_Nano_v3.x</value>
      <footprint>Module:Arduino_Nano</footprint>
      <datasheet>http://www.mouser.com/pdfdocs/Gravitech_Arduino_Nano3_0.pdf</datasheet>
      <libsource lib="MCU_Module" part="Arduino_Nano_v3.x" description="Arduino Nano v3.x"/>
      <property name="Sheetname" value=""/>
      <property name="Sheetfile" value="esquematico.kicad_sch"/>
      <sheetpath names="/" tstamps="/"/>
      <tstamps>00000000-0000-0000-0000-0000615bb661</tstamps>
    </comp>
    <comp ref="J1">
      <value>pulgar</value>
      <footprint>Package_TO_SOT_THT:TO-126-2_Vertical</footprint>
      <libsource lib="Connector" part="Conn_01x02_Male" description="Generic connector, single row, 01x02, script generated (kicad-library-utils/schlib/autogen/connector/)"/>
      <property name="Sheetname" value=""/>
      <property name="Sheetfile" value="esquematico.kicad_sch"/>
      <sheetpath names="/" tstamps="/"/>
      <tstamps>00000000-0000-0000-0000-000061579415</tstamps>
    </comp>
    <comp ref="J2">
      <value>indice</value>
      <footprint>Package_TO_SOT_THT:TO-126-2_Vertical</footprint>
      <libsource lib="Connector" part="Conn_01x02_Male" description="Generic connector, single row, 01x02, script generated (kicad-library-utils/schlib/autogen/connector/)"/>
      <property name="Sheetname" value=""/>
      <property name="Sheetfile" value="esquematico.kicad_sch"/>
      <sheetpath names="/" tstamps="/"/>
      <tstamps>00000000-0000-0000-0000-000061579b50</tstamps>
    </comp>
    <comp ref="J3">
      <value>medio</value>
      <footprint>Package_TO_SOT_THT:TO-126-2_Vertical</footprint>
      <libsource lib="Connector" part="Conn_01x02_Male" description="Generic connector, single row, 01x02, script generated (kicad-library-utils/schlib/autogen/connector/)"/>
      <property name="Sheetname" value=""/>
      <property name="Sheetfile" value="esquematico.kicad_sch"/>
      <sheetpath names="/" tstamps="/"/>
      <tstamps>00000000-0000-0000-0000-00006157a464</tstamps>
    </comp>
    <comp ref="J4">
      <value>anular</value>
      <footprint>Package_TO_SOT_THT:TO-126-2_Vertical</footprint>
      <libsource lib="Connector" part="Conn_01x02_Male" description="Generic connector, single row, 01x02, script generated (kicad-library-utils/schlib/autogen/connector/)"/>
      <property name="Sheetname" value=""/>
      <property name="Sheetfile" value="esquematico.kicad_sch"/>
      <sheetpath names="/" tstamps="/"/>
      <tstamps>00000000-0000-0000-0000-00006157a546</tstamps>
    </comp>
    <comp ref="J5">
      <value>menique</value>
      <footprint>Package_TO_SOT_THT:TO-126-2_Vertical</footprint>
      <libsource lib="Connector" part="Conn_01x02_Male" description="Generic connector, single row, 01x02, script generated (kicad-library-utils/schlib/autogen/connector/)"/>
      <property name="Sheetname" value=""/>
      <property name="Sheetfile" value="esquematico.kicad_sch"/>
      <sheetpath names="/" tstamps="/"/>
      <tstamps>00000000-0000-0000-0000-00006157ad2c</tstamps>
    </comp>
    <comp ref="J6">
      <value>meniques</value>
      <footprint>Connector_PinHeader_2.54mm:PinHeader_1x03_P2.54mm_Vertical</footprint>
      <libsource lib="Connector" part="Conn_01x03_Male" description="Generic connector, single row, 01x03, script generated (kicad-library-utils/schlib/autogen/connector/)"/>
      <property name="Sheetname" value=""/>
      <property name="Sheetfile" value="esquematico.kicad_sch"/>
      <sheetpath names="/" tstamps="/"/>
      <tstamps>00000000-0000-0000-0000-0000615d4104</tstamps>
    </comp>
    <comp ref="J7">
      <value>anulars</value>
      <footprint>Connector_PinHeader_2.54mm:PinHeader_1x03_P2.54mm_Vertical</footprint>
      <libsource lib="Connector" part="Conn_01x03_Male" description="Generic connector, single row, 01x03, script generated (kicad-library-utils/schlib/autogen/connector/)"/>
      <property name="Sheetname" value=""/>
      <property name="Sheetfile" value="esquematico.kicad_sch"/>
      <sheetpath names="/" tstamps="/"/>
      <tstamps>00000000-0000-0000-0000-0000615d26f9</tstamps>
    </comp>
    <comp ref="J8">
      <value>medios</value>
      <footprint>Connector_PinHeader_2.54mm:PinHeader_1x03_P2.54mm_Vertical</footprint>
      <libsource lib="Connector" part="Conn_01x03_Male" description="Generic connector, single row, 01x03, script generated (kicad-library-utils/schlib/autogen/connector/)"/>
      <property name="Sheetname" value=""/>
      <property name="Sheetfile" value="esquematico.kicad_sch"/>
      <sheetpath names="/" tstamps="/"/>
      <tstamps>00000000-0000-0000-0000-0000615d24b1</tstamps>
    </comp>
    <comp ref="J9">
      <value>indices</value>
      <footprint>Connector_PinHeader_2.54mm:PinHeader_1x03_P2.54mm_Vertical</footprint>
      <libsource lib="Connector" part="Conn_01x03_Male" description="Generic connector, single row, 01x03, script generated (kicad-library-utils/schlib/autogen/connector/)"/>
      <property name="Sheetname" value=""/>
      <property name="Sheetfile" value="esquematico.kicad_sch"/>
      <sheetpath names="/" tstamps="/"/>
      <tstamps>00000000-0000-0000-0000-0000615d1f23</tstamps>
    </comp>
    <comp ref="J10">
      <value>pulgars</value>
      <footprint>Connector_PinHeader_2.54mm:PinHeader_1x03_P2.54mm_Vertical</footprint>
      <libsource lib="Connector" part="Conn_01x03_Male" description="Generic connector, single row, 01x03, script generated (kicad-library-utils/schlib/autogen/connector/)"/>
      <property name="Sheetname" value=""/>
      <property name="Sheetfile" value="esquematico.kicad_sch"/>
      <sheetpath names="/" tstamps="/"/>
      <tstamps>00000000-0000-0000-0000-0000615d14d4</tstamps>
    </comp>
    <comp ref="J11">
      <value>1+ 2-</value>
      <footprint>Connector_AMASS:AMASS_XT30U-M_1x02_P5.0mm_Vertical</footprint>
      <libsource lib="Connector" part="Conn_01x02_Male" description="Generic connector, single row, 01x02, script generated (kicad-library-utils/schlib/autogen/connector/)"/>
      <property name="Sheetname" value=""/>
      <property name="Sheetfile" value="esquematico.kicad_sch"/>
      <sheetpath names="/" tstamps="/"/>
      <tstamps>00000000-0000-0000-0000-000061a90a18</tstamps>
    </comp>
    <comp ref="J12">
      <value>Conn_01x01_Male</value>
      <footprint>Connector:Banana_Jack_1Pin</footprint>
      <libsource lib="Connector" part="Conn_01x01_Male" description="Generic connector, single row, 01x01, script generated (kicad-library-utils/schlib/autogen/connector/)"/>
      <property name="Sheetname" value=""/>
      <property name="Sheetfile" value="esquematico.kicad_sch"/>
      <sheetpath names="/" tstamps="/"/>
      <tstamps>433ec658-dc83-49c1-8e60-a32f7da8fd74</tstamps>
    </comp>
    <comp ref="J13">
      <value>Conn_01x01_Male</value>
      <footprint>Connector:Banana_Jack_1Pin</footprint>
      <libsource lib="Connector" part="Conn_01x01_Male" description="Generic connector, single row, 01x01, script generated (kicad-library-utils/schlib/autogen/connector/)"/>
      <property name="Sheetname" value=""/>
      <property name="Sheetfile" value="esquematico.kicad_sch"/>
      <sheetpath names="/" tstamps="/"/>
      <tstamps>ecb70d95-6f21-4265-8c5d-cb19682a4273</tstamps>
    </comp>
    <comp ref="J14">
      <value>Conn_01x01_Male</value>
      <footprint>Connector:Banana_Jack_1Pin</footprint>
      <libsource lib="Connector" part="Conn_01x01_Male" description="Generic connector, single row, 01x01, script generated (kicad-library-utils/schlib/autogen/connector/)"/>
      <property name="Sheetname" value=""/>
      <property name="Sheetfile" value="esquematico.kicad_sch"/>
      <sheetpath names="/" tstamps="/"/>
      <tstamps>16d979bc-5b09-45df-acde-0ef73a57785f</tstamps>
    </comp>
    <comp ref="J15">
      <value>Conn_01x01_Male</value>
      <footprint>Connector:Banana_Jack_1Pin</footprint>
      <libsource lib="Connector" part="Conn_01x01_Male" description="Generic connector, single row, 01x01, script generated (kicad-library-utils/schlib/autogen/connector/)"/>
      <property name="Sheetname" value=""/>
      <property name="Sheetfile" value="esquematico.kicad_sch"/>
      <sheetpath names="/" tstamps="/"/>
      <tstamps>4cddb568-0771-4bda-b25c-c9ebb5c9c2f2</tstamps>
    </comp>
    <comp ref="J16">
      <value>1+ 2-</value>
      <footprint>Connector_AMASS:AMASS_XT30U-M_1x02_P5.0mm_Vertical</footprint>
      <libsource lib="Connector" part="Conn_01x02_Male" description="Generic connector, single row, 01x02, script generated (kicad-library-utils/schlib/autogen/connector/)"/>
      <property name="Sheetname" value=""/>
      <property name="Sheetfile" value="esquematico.kicad_sch"/>
      <sheetpath names="/" tstamps="/"/>
      <tstamps>2e1ed5c9-c168-40c3-b373-b813fb2f506a</tstamps>
    </comp>
    <comp ref="J17">
      <value>1+ 2- del arduino</value>
      <footprint>Connector_AMASS:AMASS_XT30U-M_1x02_P5.0mm_Vertical</footprint>
      <libsource lib="Connector" part="Conn_01x02_Male" description="Generic connector, single row, 01x02, script generated (kicad-library-utils/schlib/autogen/connector/)"/>
      <property name="Sheetname" value=""/>
      <property name="Sheetfile" value="esquematico.kicad_sch"/>
      <sheetpath names="/" tstamps="/"/>
      <tstamps>a4977b1b-bb89-4e17-97dc-d3951cd5bc7b</tstamps>
    </comp>
    <comp ref="J18">
      <value>Conn_01x01_Male</value>
      <footprint>Connector:Banana_Jack_1Pin</footprint>
      <libsource lib="Connector" part="Conn_01x01_Male" description="Generic connector, single row, 01x01, script generated (kicad-library-utils/schlib/autogen/connector/)"/>
      <property name="Sheetname" value=""/>
      <property name="Sheetfile" value="esquematico.kicad_sch"/>
      <sheetpath names="/" tstamps="/"/>
      <tstamps>3d077724-8e04-484e-aa89-9824117d4cf6</tstamps>
    </comp>
    <comp ref="J19">
      <value>Conn_01x01_Male</value>
      <footprint>Connector:Banana_Jack_1Pin</footprint>
      <libsource lib="Connector" part="Conn_01x01_Male" description="Generic connector, single row, 01x01, script generated (kicad-library-utils/schlib/autogen/connector/)"/>
      <property name="Sheetname" value=""/>
      <property name="Sheetfile" value="esquematico.kicad_sch"/>
      <sheetpath names="/" tstamps="/"/>
      <tstamps>a6d89832-e80a-4165-a5a4-a07b6ecf6aa0</tstamps>
    </comp>
    <comp ref="J20">
      <value>Conn_01x01_Male</value>
      <footprint>Connector:Banana_Jack_1Pin</footprint>
      <libsource lib="Connector" part="Conn_01x01_Male" description="Generic connector, single row, 01x01, script generated (kicad-library-utils/schlib/autogen/connector/)"/>
      <property name="Sheetname" value=""/>
      <property name="Sheetfile" value="esquematico.kicad_sch"/>
      <sheetpath names="/" tstamps="/"/>
      <tstamps>4611af11-6231-48f8-a6c4-70d901af5ba9</tstamps>
    </comp>
    <comp ref="J21">
      <value>Conn_01x01_Male</value>
      <footprint>Connector:Banana_Jack_1Pin</footprint>
      <libsource lib="Connector" part="Conn_01x01_Male" description="Generic connector, single row, 01x01, script generated (kicad-library-utils/schlib/autogen/connector/)"/>
      <property name="Sheetname" value=""/>
      <property name="Sheetfile" value="esquematico.kicad_sch"/>
      <sheetpath names="/" tstamps="/"/>
      <tstamps>9d361ccf-654e-40fa-8603-a4aa1fcb962d</tstamps>
    </comp>
    <comp ref="R1">
      <value>R</value>
      <footprint>Resistor_THT:R_Axial_DIN0204_L3.6mm_D1.6mm_P7.62mm_Horizontal</footprint>
      <libsource lib="Device" part="R" description="Resistor"/>
      <property name="Sheetname" value=""/>
      <property name="Sheetfile" value="esquematico.kicad_sch"/>
      <sheetpath names="/" tstamps="/"/>
      <tstamps>00000000-0000-0000-0000-000061574544</tstamps>
    </comp>
    <comp ref="R2">
      <value>R</value>
      <footprint>Resistor_THT:R_Axial_DIN0204_L3.6mm_D1.6mm_P7.62mm_Horizontal</footprint>
      <libsource lib="Device" part="R" description="Resistor"/>
      <property name="Sheetname" value=""/>
      <property name="Sheetfile" value="esquematico.kicad_sch"/>
      <sheetpath names="/" tstamps="/"/>
      <tstamps>00000000-0000-0000-0000-00006157399c</tstamps>
    </comp>
    <comp ref="R3">
      <value>R</value>
      <footprint>Resistor_THT:R_Axial_DIN0204_L3.6mm_D1.6mm_P7.62mm_Horizontal</footprint>
      <libsource lib="Device" part="R" description="Resistor"/>
      <property name="Sheetname" value=""/>
      <property name="Sheetfile" value="esquematico.kicad_sch"/>
      <sheetpath names="/" tstamps="/"/>
      <tstamps>00000000-0000-0000-0000-000061573fa9</tstamps>
    </comp>
    <comp ref="R4">
      <value>R</value>
      <footprint>Resistor_THT:R_Axial_DIN0204_L3.6mm_D1.6mm_P7.62mm_Horizontal</footprint>
      <libsource lib="Device" part="R" description="Resistor"/>
      <property name="Sheetname" value=""/>
      <property name="Sheetfile" value="esquematico.kicad_sch"/>
      <sheetpath names="/" tstamps="/"/>
      <tstamps>00000000-0000-0000-0000-000061573f73</tstamps>
    </comp>
    <comp ref="R5">
      <value>R</value>
      <footprint>Resistor_THT:R_Axial_DIN0204_L3.6mm_D1.6mm_P7.62mm_Horizontal</footprint>
      <libsource lib="Device" part="R" description="Resistor"/>
      <property name="Sheetname" value=""/>
      <property name="Sheetfile" value="esquematico.kicad_sch"/>
      <sheetpath names="/" tstamps="/"/>
      <tstamps>00000000-0000-0000-0000-000061573ada</tstamps>
    </comp>
    <comp ref="U1">
      <value>NRF24L01_Breakout</value>
      <footprint>RF_Module:nRF24L01_Breakout</footprint>
      <datasheet>http://www.nordicsemi.com/eng/content/download/2730/34105/file/nRF24L01_Product_Specification_v2_0.pdf</datasheet>
      <libsource lib="RF" part="NRF24L01_Breakout" description="Ultra low power 2.4GHz RF Transceiver, Carrier PCB"/>
      <property name="Sheetname" value=""/>
      <property name="Sheetfile" value="esquematico.kicad_sch"/>
      <sheetpath names="/" tstamps="/"/>
      <tstamps>00000000-0000-0000-0000-00006157d159</tstamps>
    </comp>
    <comp ref="U2">
      <value>LM1117-3.3</value>
      <footprint>TerminalBlock_TE-Connectivity:TerminalBlock_TE_282834-3_1x03_P2.54mm_Horizontal</footprint>
      <datasheet>http://www.ti.com/lit/ds/symlink/lm1117.pdf</datasheet>
      <libsource lib="Regulator_Linear" part="LM1117-3.3" description="800mA Low-Dropout Linear Regulator, 3.3V fixed output, TO-220/TO-252/TO-263/SOT-223"/>
      <property name="Sheetname" value=""/>
      <property name="Sheetfile" value="esquematico.kicad_sch"/>
      <sheetpath names="/" tstamps="/"/>
      <tstamps>00000000-0000-0000-0000-00006157b5ac</tstamps>
    </comp>
    <comp ref="U3">
      <value>NRF24L01_Breakout</value>
      <footprint>RF_Module:nRF24L01_Breakout</footprint>
      <datasheet>http://www.nordicsemi.com/eng/content/download/2730/34105/file/nRF24L01_Product_Specification_v2_0.pdf</datasheet>
      <libsource lib="RF" part="NRF24L01_Breakout" description="Ultra low power 2.4GHz RF Transceiver, Carrier PCB"/>
      <property name="Sheetname" value=""/>
      <property name="Sheetfile" value="esquematico.kicad_sch"/>
      <sheetpath names="/" tstamps="/"/>
      <tstamps>00000000-0000-0000-0000-0000615bb64d</tstamps>
    </comp>
    <comp ref="U4">
      <value>LM1117-3.3</value>
      <footprint>TerminalBlock_TE-Connectivity:TerminalBlock_TE_282834-3_1x03_P2.54mm_Horizontal</footprint>
      <datasheet>http://www.ti.com/lit/ds/symlink/lm1117.pdf</datasheet>
      <libsource lib="Regulator_Linear" part="LM1117-3.3" description="800mA Low-Dropout Linear Regulator, 3.3V fixed output, TO-220/TO-252/TO-263/SOT-223"/>
      <property name="Sheetname" value=""/>
      <property name="Sheetfile" value="esquematico.kicad_sch"/>
      <sheetpath names="/" tstamps="/"/>
      <tstamps>00000000-0000-0000-0000-0000615bb657</tstamps>
    </comp>
  </components>
  <libparts>
    <libpart lib="Connector" part="Conn_01x01_Male">
      <description>Generic connector, single row, 01x01, script generated (kicad-library-utils/schlib/autogen/connector/)</description>
      <docs>~</docs>
      <footprints>
        <fp>Connector*:*</fp>
      </footprints>
      <fields>
        <field name="Reference">J</field>
        <field name="Value">Conn_01x01_Male</field>
        <field name="Datasheet">~</field>
      </fields>
      <pins>
        <pin num="1" name="Pin_1" type="passive"/>
      </pins>
    </libpart>
    <libpart lib="Connector" part="Conn_01x02_Male">
      <description>Generic connector, single row, 01x02, script generated (kicad-library-utils/schlib/autogen/connector/)</description>
      <docs>~</docs>
      <footprints>
        <fp>Connector*:*_1x??_*</fp>
      </footprints>
      <fields>
        <field name="Reference">J</field>
        <field name="Value">Conn_01x02_Male</field>
        <field name="Datasheet">~</field>
      </fields>
      <pins>
        <pin num="1" name="Pin_1" type="passive"/>
        <pin num="2" name="Pin_2" type="passive"/>
      </pins>
    </libpart>
    <libpart lib="Connector" part="Conn_01x03_Male">
      <description>Generic connector, single row, 01x03, script generated (kicad-library-utils/schlib/autogen/connector/)</description>
      <docs>~</docs>
      <footprints>
        <fp>Connector*:*_1x??_*</fp>
      </footprints>
      <fields>
        <field name="Reference">J</field>
        <field name="Value">Conn_01x03_Male</field>
        <field name="Datasheet">~</field>
      </fields>
      <pins>
        <pin num="1" name="Pin_1" type="passive"/>
        <pin num="2" name="Pin_2" type="passive"/>
        <pin num="3" name="Pin_3" type="passive"/>
      </pins>
    </libpart>
    <libpart lib="Device" part="R">
      <description>Resistor</description>
      <docs>~</docs>
      <footprints>
        <fp>R_*</fp>
      </footprints>
      <fields>
        <field name="Reference">R</field>
        <field name="Value">R</field>
        <field name="Datasheet">~</field>
      </fields>
      <pins>
        <pin num="1" name="" type="passive"/>
        <pin num="2" name="" type="passive"/>
      </pins>
    </libpart>
    <libpart lib="MCU_Module" part="Arduino_Nano_v3.x">
      <description>Arduino Nano v3.x</description>
      <docs>http://www.mouser.com/pdfdocs/Gravitech_Arduino_Nano3_0.pdf</docs>
      <footprints>
        <fp>Arduino*Nano*</fp>
      </footprints>
      <fields>
        <field name="Reference">A</field>
        <field name="Value">Arduino_Nano_v3.x</field>
        <field name="Footprint">Module:Arduino_Nano</field>
        <field name="Datasheet">http://www.mouser.com/pdfdocs/Gravitech_Arduino_Nano3_0.pdf</field>
      </fields>
      <pins>
        <pin num="1" name="D1/TX" type="bidirectional"/>
        <pin num="2" name="D0/RX" type="bidirectional"/>
        <pin num="3" name="~{RESET}" type="input"/>
        <pin num="4" name="GND" type="power_in"/>
        <pin num="5" name="D2" type="bidirectional"/>
        <pin num="6" name="D3" type="bidirectional"/>
        <pin num="7" name="D4" type="bidirectional"/>
        <pin num="8" name="D5" type="bidirectional"/>
        <pin num="9" name="D6" type="bidirectional"/>
        <pin num="10" name="D7" type="bidirectional"/>
        <pin num="11" name="D8" type="bidirectional"/>
        <pin num="12" name="D9" type="bidirectional"/>
        <pin num="13" name="D10" type="bidirectional"/>
        <pin num="14" name="D11" type="bidirectional"/>
        <pin num="15" name="D12" type="bidirectional"/>
        <pin num="16" name="D13" type="bidirectional"/>
        <pin num="17" name="3V3" type="power_out"/>
        <pin num="18" name="AREF" type="input"/>
        <pin num="19" name="A0" type="bidirectional"/>
        <pin num="20" name="A1" type="bidirectional"/>
        <pin num="21" name="A2" type="bidirectional"/>
        <pin num="22" name="A3" type="bidirectional"/>
        <pin num="23" name="A4" type="bidirectional"/>
        <pin num="24" name="A5" type="bidirectional"/>
        <pin num="25" name="A6" type="bidirectional"/>
        <pin num="26" name="A7" type="bidirectional"/>
        <pin num="27" name="+5V" type="power_out"/>
        <pin num="28" name="~{RESET}" type="input"/>
        <pin num="29" name="GND" type="power_in"/>
        <pin num="30" name="VIN" type="power_in"/>
      </pins>
    </libpart>
    <libpart lib="RF" part="NRF24L01_Breakout">
      <description>Ultra low power 2.4GHz RF Transceiver, Carrier PCB</description>
      <docs>http://www.nordicsemi.com/eng/content/download/2730/34105/file/nRF24L01_Product_Specification_v2_0.pdf</docs>
      <footprints>
        <fp>nRF24L01*Breakout*</fp>
      </footprints>
      <fields>
        <field name="Reference">U</field>
        <field name="Value">NRF24L01_Breakout</field>
        <field name="Footprint">RF_Module:nRF24L01_Breakout</field>
        <field name="Datasheet">http://www.nordicsemi.com/eng/content/download/2730/34105/file/nRF24L01_Product_Specification_v2_0.pdf</field>
      </fields>
      <pins>
        <pin num="1" name="GND" type="power_in"/>
        <pin num="2" name="VCC" type="power_in"/>
        <pin num="3" name="CE" type="input"/>
        <pin num="4" name="~{CSN}" type="input"/>
        <pin num="5" name="SCK" type="input"/>
        <pin num="6" name="MOSI" type="input"/>
        <pin num="7" name="MISO" type="output"/>
        <pin num="8" name="IRQ" type="output"/>
      </pins>
    </libpart>
    <libpart lib="Regulator_Linear" part="LM1117-3.3">
      <description>800mA Low-Dropout Linear Regulator, 3.3V fixed output, TO-220/TO-252/TO-263/SOT-223</description>
      <docs>http://www.ti.com/lit/ds/symlink/lm1117.pdf</docs>
      <footprints>
        <fp>SOT?223*</fp>
        <fp>TO?263*</fp>
        <fp>TO?252*</fp>
        <fp>TO?220*</fp>
      </footprints>
      <fields>
        <field name="Reference">U</field>
        <field name="Value">LM1117-3.3</field>
        <field name="Datasheet">http://www.ti.com/lit/ds/symlink/lm1117.pdf</field>
      </fields>
      <pins>
        <pin num="1" name="GND" type="power_in"/>
        <pin num="2" name="VO" type="power_out"/>
        <pin num="3" name="VI" type="power_in"/>
      </pins>
    </libpart>
  </libparts>
  <libraries>
    <library logical="Connector">
      <uri>C:\Program Files\KiCad\6.0\share\kicad\symbols\/Connector.kicad_sym</uri>
    </library>
    <library logical="Device">
      <uri>C:\Program Files\KiCad\6.0\share\kicad\symbols\/Device.kicad_sym</uri>
    </library>
    <library logical="MCU_Module">
      <uri>C:\Program Files\KiCad\6.0\share\kicad\symbols\/MCU_Module.kicad_sym</uri>
    </library>
    <library logical="RF">
      <uri>C:\Program Files\KiCad\6.0\share\kicad\symbols\/RF.kicad_sym</uri>
    </library>
    <library logical="Regulator_Linear">
      <uri>C:\Program Files\KiCad\6.0\share\kicad\symbols\/Regulator_Linear.kicad_sym</uri>
    </library>
  </libraries>
  <nets>
    <net code="1" name="Net-(A1-Pad10)">
      <node ref="A1" pin="10" pinfunction="D7" pintype="bidirectional"/>
      <node ref="U1" pin="3" pinfunction="CE" pintype="input"/>
    </net>
    <net code="2" name="Net-(A1-Pad11)">
      <node ref="A1" pin="11" pinfunction="D8" pintype="bidirectional"/>
      <node ref="U1" pin="4" pinfunction="~{CSN}" pintype="input"/>
    </net>
    <net code="3" name="Net-(A1-Pad14)">
      <node ref="A1" pin="14" pinfunction="D11" pintype="bidirectional"/>
      <node ref="U1" pin="6" pinfunction="MOSI" pintype="input"/>
    </net>
    <net code="4" name="Net-(A1-Pad15)">
      <node ref="A1" pin="15" pinfunction="D12" pintype="bidirectional"/>
      <node ref="U1" pin="7" pinfunction="MISO" pintype="output"/>
    </net>
    <net code="5" name="Net-(A1-Pad16)">
      <node ref="A1" pin="16" pinfunction="D13" pintype="bidirectional"/>
      <node ref="U1" pin="5" pinfunction="SCK" pintype="input"/>
    </net>
    <net code="6" name="Net-(A1-Pad20)">
      <node ref="A1" pin="20" pinfunction="A1" pintype="bidirectional"/>
      <node ref="J1" pin="2" pinfunction="Pin_2" pintype="passive"/>
      <node ref="R1" pin="1" pintype="passive"/>
    </net>
    <net code="7" name="Net-(A1-Pad21)">
      <node ref="A1" pin="21" pinfunction="A2" pintype="bidirectional"/>
      <node ref="J2" pin="2" pinfunction="Pin_2" pintype="passive"/>
      <node ref="R2" pin="1" pintype="passive"/>
    </net>
    <net code="8" name="Net-(A1-Pad22)">
      <node ref="A1" pin="22" pinfunction="A3" pintype="bidirectional"/>
      <node ref="J3" pin="2" pinfunction="Pin_2" pintype="passive"/>
      <node ref="R3" pin="1" pintype="passive"/>
    </net>
    <net code="9" name="Net-(A1-Pad23)">
      <node ref="A1" pin="23" pinfunction="A4" pintype="bidirectional"/>
      <node ref="J4" pin="2" pinfunction="Pin_2" pintype="passive"/>
      <node ref="R4" pin="1" pintype="passive"/>
    </net>
    <net code="10" name="Net-(A1-Pad24)">
      <node ref="A1" pin="24" pinfunction="A5" pintype="bidirectional"/>
      <node ref="J5" pin="2" pinfunction="Pin_2" pintype="passive"/>
      <node ref="R5" pin="1" pintype="passive"/>
    </net>
    <net code="11" name="Net-(A1-Pad27)">
      <node ref="A1" pin="27" pinfunction="+5V" pintype="power_out"/>
      <node ref="J1" pin="1" pinfunction="Pin_1" pintype="passive"/>
      <node ref="J2" pin="1" pinfunction="Pin_1" pintype="passive"/>
      <node ref="J3" pin="1" pinfunction="Pin_1" pintype="passive"/>
      <node ref="J4" pin="1" pinfunction="Pin_1" pintype="passive"/>
      <node ref="J5" pin="1" pinfunction="Pin_1" pintype="passive"/>
      <node ref="U2" pin="3" pinfunction="VI" pintype="power_in"/>
    </net>
    <net code="12" name="Net-(A1-Pad29)">
      <node ref="A1" pin="29" pinfunction="GND" pintype="power_in"/>
      <node ref="A1" pin="4" pinfunction="GND" pintype="power_in"/>
      <node ref="J16" pin="2" pinfunction="Pin_2" pintype="passive"/>
      <node ref="R1" pin="2" pintype="passive"/>
      <node ref="R2" pin="2" pintype="passive"/>
      <node ref="R3" pin="2" pintype="passive"/>
      <node ref="R4" pin="2" pintype="passive"/>
      <node ref="R5" pin="2" pintype="passive"/>
      <node ref="U1" pin="1" pinfunction="GND" pintype="power_in"/>
      <node ref="U2" pin="1" pinfunction="GND" pintype="power_in"/>
    </net>
    <net code="13" name="Net-(A1-Pad30)">
      <node ref="A1" pin="30" pinfunction="VIN" pintype="power_in"/>
      <node ref="J16" pin="1" pinfunction="Pin_1" pintype="passive"/>
    </net>
    <net code="14" name="Net-(A2-Pad6)">
      <node ref="A2" pin="6" pinfunction="D3" pintype="bidirectional"/>
      <node ref="J10" pin="1" pinfunction="Pin_1" pintype="passive"/>
    </net>
    <net code="15" name="Net-(A2-Pad8)">
      <node ref="A2" pin="8" pinfunction="D5" pintype="bidirectional"/>
      <node ref="J9" pin="1" pinfunction="Pin_1" pintype="passive"/>
    </net>
    <net code="16" name="Net-(A2-Pad9)">
      <node ref="A2" pin="9" pinfunction="D6" pintype="bidirectional"/>
      <node ref="J8" pin="1" pinfunction="Pin_1" pintype="passive"/>
    </net>
    <net code="17" name="Net-(A2-Pad10)">
      <node ref="A2" pin="10" pinfunction="D7" pintype="bidirectional"/>
      <node ref="U3" pin="3" pinfunction="CE" pintype="input"/>
    </net>
    <net code="18" name="Net-(A2-Pad11)">
      <node ref="A2" pin="11" pinfunction="D8" pintype="bidirectional"/>
      <node ref="U3" pin="4" pinfunction="~{CSN}" pintype="input"/>
    </net>
    <net code="19" name="Net-(A2-Pad12)">
      <node ref="A2" pin="12" pinfunction="D9" pintype="bidirectional"/>
      <node ref="J7" pin="1" pinfunction="Pin_1" pintype="passive"/>
    </net>
    <net code="20" name="Net-(A2-Pad13)">
      <node ref="A2" pin="13" pinfunction="D10" pintype="bidirectional"/>
      <node ref="J6" pin="1" pinfunction="Pin_1" pintype="passive"/>
    </net>
    <net code="21" name="Net-(A2-Pad14)">
      <node ref="A2" pin="14" pinfunction="D11" pintype="bidirectional"/>
      <node ref="U3" pin="6" pinfunction="MOSI" pintype="input"/>
    </net>
    <net code="22" name="Net-(A2-Pad15)">
      <node ref="A2" pin="15" pinfunction="D12" pintype="bidirectional"/>
      <node ref="U3" pin="7" pinfunction="MISO" pintype="output"/>
    </net>
    <net code="23" name="Net-(A2-Pad16)">
      <node ref="A2" pin="16" pinfunction="D13" pintype="bidirectional"/>
      <node ref="U3" pin="5" pinfunction="SCK" pintype="input"/>
    </net>
    <net code="24" name="Net-(A2-Pad27)">
      <node ref="A2" pin="27" pinfunction="+5V" pintype="power_out"/>
      <node ref="U4" pin="3" pinfunction="VI" pintype="power_in"/>
    </net>
    <net code="25" name="Net-(A2-Pad29)">
      <node ref="A2" pin="29" pinfunction="GND" pintype="power_in"/>
      <node ref="A2" pin="4" pinfunction="GND" pintype="power_in"/>
      <node ref="J10" pin="3" pinfunction="Pin_3" pintype="passive"/>
      <node ref="J11" pin="2" pinfunction="Pin_2" pintype="passive"/>
      <node ref="J17" pin="2" pinfunction="Pin_2" pintype="passive"/>
      <node ref="J6" pin="3" pinfunction="Pin_3" pintype="passive"/>
      <node ref="J7" pin="3" pinfunction="Pin_3" pintype="passive"/>
      <node ref="J8" pin="3" pinfunction="Pin_3" pintype="passive"/>
      <node ref="J9" pin="3" pinfunction="Pin_3" pintype="passive"/>
      <node ref="U3" pin="1" pinfunction="GND" pintype="power_in"/>
      <node ref="U4" pin="1" pinfunction="GND" pintype="power_in"/>
    </net>
    <net code="26" name="Net-(A2-Pad30)">
      <node ref="A2" pin="30" pinfunction="VIN" pintype="power_in"/>
      <node ref="J17" pin="1" pinfunction="Pin_1" pintype="passive"/>
    </net>
    <net code="27" name="Net-(J10-Pad2)">
      <node ref="J10" pin="2" pinfunction="Pin_2" pintype="passive"/>
      <node ref="J11" pin="1" pinfunction="Pin_1" pintype="passive"/>
      <node ref="J6" pin="2" pinfunction="Pin_2" pintype="passive"/>
      <node ref="J7" pin="2" pinfunction="Pin_2" pintype="passive"/>
      <node ref="J8" pin="2" pinfunction="Pin_2" pintype="passive"/>
      <node ref="J9" pin="2" pinfunction="Pin_2" pintype="passive"/>
    </net>
    <net code="28" name="Net-(U1-Pad2)">
      <node ref="U1" pin="2" pinfunction="VCC" pintype="power_in"/>
      <node ref="U2" pin="2" pinfunction="VO" pintype="power_out"/>
    </net>
    <net code="29" name="Net-(U3-Pad2)">
      <node ref="U3" pin="2" pinfunction="VCC" pintype="power_in"/>
      <node ref="U4" pin="2" pinfunction="VO" pintype="power_out"/>
    </net>
    <net code="30" name="unconnected-(A1-Pad1)">
      <node ref="A1" pin="1" pinfunction="D1/TX" pintype="bidirectional"/>
    </net>
    <net code="31" name="unconnected-(A1-Pad2)">
      <node ref="A1" pin="2" pinfunction="D0/RX" pintype="bidirectional"/>
    </net>
    <net code="32" name="unconnected-(A1-Pad3)">
      <node ref="A1" pin="3" pinfunction="~{RESET}" pintype="input"/>
    </net>
    <net code="33" name="unconnected-(A1-Pad5)">
      <node ref="A1" pin="5" pinfunction="D2" pintype="bidirectional"/>
    </net>
    <net code="34" name="unconnected-(A1-Pad6)">
      <node ref="A1" pin="6" pinfunction="D3" pintype="bidirectional"/>
    </net>
    <net code="35" name="unconnected-(A1-Pad7)">
      <node ref="A1" pin="7" pinfunction="D4" pintype="bidirectional"/>
    </net>
    <net code="36" name="unconnected-(A1-Pad8)">
      <node ref="A1" pin="8" pinfunction="D5" pintype="bidirectional"/>
    </net>
    <net code="37" name="unconnected-(A1-Pad9)">
      <node ref="A1" pin="9" pinfunction="D6" pintype="bidirectional"/>
    </net>
    <net code="38" name="unconnected-(A1-Pad12)">
      <node ref="A1" pin="12" pinfunction="D9" pintype="bidirectional"/>
    </net>
    <net code="39" name="unconnected-(A1-Pad13)">
      <node ref="A1" pin="13" pinfunction="D10" pintype="bidirectional"/>
    </net>
    <net code="40" name="unconnected-(A1-Pad17)">
      <node ref="A1" pin="17" pinfunction="3V3" pintype="power_out"/>
    </net>
    <net code="41" name="unconnected-(A1-Pad18)">
      <node ref="A1" pin="18" pinfunction="AREF" pintype="input"/>
    </net>
    <net code="42" name="unconnected-(A1-Pad19)">
      <node ref="A1" pin="19" pinfunction="A0" pintype="bidirectional"/>
    </net>
    <net code="43" name="unconnected-(A1-Pad25)">
      <node ref="A1" pin="25" pinfunction="A6" pintype="bidirectional"/>
    </net>
    <net code="44" name="unconnected-(A1-Pad26)">
      <node ref="A1" pin="26" pinfunction="A7" pintype="bidirectional"/>
    </net>
    <net code="45" name="unconnected-(A1-Pad28)">
      <node ref="A1" pin="28" pinfunction="~{RESET}" pintype="input"/>
    </net>
    <net code="46" name="unconnected-(A2-Pad1)">
      <node ref="A2" pin="1" pinfunction="D1/TX" pintype="bidirectional"/>
    </net>
    <net code="47" name="unconnected-(A2-Pad2)">
      <node ref="A2" pin="2" pinfunction="D0/RX" pintype="bidirectional"/>
    </net>
    <net code="48" name="unconnected-(A2-Pad3)">
      <node ref="A2" pin="3" pinfunction="~{RESET}" pintype="input"/>
    </net>
    <net code="49" name="unconnected-(A2-Pad5)">
      <node ref="A2" pin="5" pinfunction="D2" pintype="bidirectional"/>
    </net>
    <net code="50" name="unconnected-(A2-Pad7)">
      <node ref="A2" pin="7" pinfunction="D4" pintype="bidirectional"/>
    </net>
    <net code="51" name="unconnected-(A2-Pad17)">
      <node ref="A2" pin="17" pinfunction="3V3" pintype="power_out"/>
    </net>
    <net code="52" name="unconnected-(A2-Pad18)">
      <node ref="A2" pin="18" pinfunction="AREF" pintype="input"/>
    </net>
    <net code="53" name="unconnected-(A2-Pad19)">
      <node ref="A2" pin="19" pinfunction="A0" pintype="bidirectional"/>
    </net>
    <net code="54" name="unconnected-(A2-Pad20)">
      <node ref="A2" pin="20" pinfunction="A1" pintype="bidirectional"/>
    </net>
    <net code="55" name="unconnected-(A2-Pad21)">
      <node ref="A2" pin="21" pinfunction="A2" pintype="bidirectional"/>
    </net>
    <net code="56" name="unconnected-(A2-Pad22)">
      <node ref="A2" pin="22" pinfunction="A3" pintype="bidirectional"/>
    </net>
    <net code="57" name="unconnected-(A2-Pad23)">
      <node ref="A2" pin="23" pinfunction="A4" pintype="bidirectional"/>
    </net>
    <net code="58" name="unconnected-(A2-Pad24)">
      <node ref="A2" pin="24" pinfunction="A5" pintype="bidirectional"/>
    </net>
    <net code="59" name="unconnected-(A2-Pad25)">
      <node ref="A2" pin="25" pinfunction="A6" pintype="bidirectional"/>
    </net>
    <net code="60" name="unconnected-(A2-Pad26)">
      <node ref="A2" pin="26" pinfunction="A7" pintype="bidirectional"/>
    </net>
    <net code="61" name="unconnected-(A2-Pad28)">
      <node ref="A2" pin="28" pinfunction="~{RESET}" pintype="input"/>
    </net>
    <net code="62" name="unconnected-(J12-Pad1)">
      <node ref="J12" pin="1" pinfunction="Pin_1" pintype="passive"/>
    </net>
    <net code="63" name="unconnected-(J13-Pad1)">
      <node ref="J13" pin="1" pinfunction="Pin_1" pintype="passive"/>
    </net>
    <net code="64" name="unconnected-(J14-Pad1)">
      <node ref="J14" pin="1" pinfunction="Pin_1" pintype="passive"/>
    </net>
    <net code="65" name="unconnected-(J15-Pad1)">
      <node ref="J15" pin="1" pinfunction="Pin_1" pintype="passive"/>
    </net>
    <net code="66" name="unconnected-(J18-Pad1)">
      <node ref="J18" pin="1" pinfunction="Pin_1" pintype="passive"/>
    </net>
    <net code="67" name="unconnected-(J19-Pad1)">
      <node ref="J19" pin="1" pinfunction="Pin_1" pintype="passive"/>
    </net>
    <net code="68" name="unconnected-(J20-Pad1)">
      <node ref="J20" pin="1" pinfunction="Pin_1" pintype="passive"/>
    </net>
    <net code="69" name="unconnected-(J21-Pad1)">
      <node ref="J21" pin="1" pinfunction="Pin_1" pintype="passive"/>
    </net>
    <net code="70" name="unconnected-(U1-Pad8)">
      <node ref="U1" pin="8" pinfunction="IRQ" pintype="output"/>
    </net>
    <net code="71" name="unconnected-(U3-Pad8)">
      <node ref="U3" pin="8" pinfunction="IRQ" pintype="output"/>
    </net>
  </nets>
</export>
